1717356649,PIFS,1,2,0,0.6598369533161019,0.20344230199650754,0.7516175690776803,0.37354075655554636,0.835900068435891,0.40483667520093325
1717358338,PIFS,1,2,1,0.6742221905101518,0.25492605779348737,0.7606390155810812,0.45566816468148436,0.8401900556901785,0.3570459275878475
1717360015,PIFS,1,2,2,0.6348601026240122,0.23572913114477395,0.703437706997415,0.4413622020363599,0.8382474175679264,0.3570997145159525
1718695549,test_outputs_old,1,2,0,0.671340404617974,0.2501238265762851,0.3644595747806502,0.7833424131433545,0.41825787915159574,0.8213562643865273,0.48025969437306965
1718704734,test_outputs_old,1,2,2,0.6107224556144815,0.2523575790631497,0.3571405528710624,0.7120644878660718,0.5339099183256848,0.7944014503930457,0.3436964719213592
1718791209,test_outputs_old_alpha25,1,2,0,0.668967773386875,0.25472170480187645,0.368956485308799,0.7919115689384835,0.42932695952900185,0.8087354808221612,0.4325688262360483
1718796565,test_outputs_old_alpha25,1,2,1,0.6285380628042091,0.2651390321564787,0.3729534405326721,0.7697081756230671,0.5138312088543406,0.785698978231846,0.36252863755027753
1718801878,test_outputs_old_alpha25,1,2,2,0.6102344135826914,0.2524463394013051,0.35714589285269543,0.7106605067295342,0.5369874889261581,0.8002560323254667,0.3439904963492764
1718811946,test_alpha25,1,2,0,0.6985712681136421,0.27011482031524875,0.38958844318690455,0.803443453466242,0.44819899111783473,0.831063429883942,0.3973746208222237
1718817488,test_alpha25,1,2,1,0.6750895179296545,0.24306792145774114,0.3574389290589508,0.782389620431277,0.5057982950711709,0.8214179413975462,0.3076024721994332
1718822795,test_alpha25,1,2,2,0.6282118926821221,0.25664288494800147,0.36441259418498145,0.715970905843801,0.5609325121689899,0.8175295065672359,0.32910918999800914
1718850470,test_alpha25_beta25,1,2,0,0.6946293270332304,0.2674878762024449,0.386241765163695,0.7923830936467782,0.43992047692478886,0.8382384144765962,0.4208878728244243
1718850470,test_alpha_25_beta25,1,2,1,0,0.6486336366236994,0.25879508544256374,0.36997549962650017,
1718859539,test_alpha25_beta25,1,2,2,0.6250198310793088,0.25860702408674174,0.36584338188826054,0.7153105335352107,0.5513659873316014,0.812762085809916,0.34128053272876746
1718881157,test_alpha25_beta75,1,2,0,0.6722308749677128,0.25321921828539007,0.3678680847462485,0.7903437444430794,0.43057194333394155,0.8164276647195879,0.4506799749270587
1718968236,test_alpha25_beta75,1,2,1,0.6452579431646828,0.25909231518238307,0.36972704511618637,0.7888570769629176,0.506852389392627,0.7843875857810523,0.3420836831757302
1718889146,test_alpha25_beta75,1,2,2,0.6142275897710374,0.2581720874677905,0.36354075584575574,0.7103259295860946,0.5533010671695664,0.8034555053853599,0.3407992098528204
1718994193,COS-contrast,1,2,0,0.6874659299722498,0.21605038291270445,0.3287760836009503,0.7700904065210518,0.3733319323207265,0.8513951860128076,0.37281964390042444
1718999869,COS-contrast,1,2,1,0.6668488215954618,0.2056979069404931,0.31441160080464037,0.7569738178772044,0.44774029774780144,0.8374039034098342,0.27549355488464167
1719005284,COS-contrast,1,2,2,0.6216769800285088,0.19485314768131384,0.29670850416585554,0.687817481803766,0.4543629387279816,0.8459085419975892,0.2613022399403214
1719028945,COS-contrast-feature,1,2,0,0.6949203848383088,0.20775946021012612,0.31988369926498883,0.7875392045467765,0.366163599209556,0.8394902745901659,0.3623548476781418
1719034715,COS-contrast-feature,1,2,1,0.6475224443547206,0.2183568163890574,0.32658349933986075,0.8171302783661417,0.347708763612246,0.754394865182987,0.4115191265520998
1719040167,COS-contrast-feature,1,2,2,0.6670522936598037,0.23979166269801086,0.35276979568928846,0.8210734719643659,0.3626842376867134,0.7734072562479228,0.4405488278634553
1719057328,test_alpha5_beta5,1,2,0,0.6892260998534498,0.2620514327379326,0.3797265903147434,0.7940023152081537,0.44371823751973033,0.8303687387096365,0.41800760084210464
1719063182,test_alpha5_beta5,1,2,1,0.659182953200625,0.2532812035250883,0.36595114558579644,0.781599904740645,0.5473069516492208,0.8075206757762765,0.3106736273788432
1719068730,test_alpha5_beta5,1,2,2,0.6162172682322503,0.2586945956749536,0.36440716746338286,0.7044514419924636,0.5497010440525159,0.8069787112573893,0.3536417939904314
1719135457,test_alpha25_beta90,1,2,0,0.6733000831547554,0.2556189731703474,0.37055602362687173,0.7845421760151765,0.4289792340704087,0.8226077786829159,0.4586458533624257
1719141266,test_alpha25_beta90,1,2,1,0.6471057717593747,0.25874692283722,0.36967738395370675,0.7951213820796255,0.5148931253923544,0.781986862065502,0.3431901868985974
1719146810,test_alpha25_beta90,1,2,2,0.614399510214806,0.2529713149544949,0.35838293725431636,0.7081073697738269,0.5357197129089066,0.8039754416166367,0.35305293440960894
1719170542,test_alpha25_beta75_bkg,1,2,0,0.6631286318779137,0.2656859105724055,0.37937376372752213,0.7846371119954589,0.43866861290365805,0.8053475759606772,0.4256434669789998
1719176374,test_alpha25_beta75_bkg,1,2,1,0.660290065715966,0.24595430964152717,0.3584048446364489,0.8002915000488653,0.5023151729004146,0.7886447939428067,0.32255526091048087
1719181915,test_alpha25_beta75_bkg,1,2,2,0.6308692798124939,0.2346359884512152,0.3420536939059034,0.7245512576712576,0.4830619089196643,0.7979852197657539,0.3467109756740811
1720628217,prev_alpha5_beta5,1,2,0,0.6916484435750895,0.26401380608398006,0.3821532934370154,0.7972436079028777,0.44320056366653865,0.8307292205912414,0.4157923528125943
1720634105,prev_alpha5_beta5,1,2,1,0.653733269264642,0.25673263952822056,0.36867864275829365,0.7831380470178401,0.5610268309483157,0.8034137426329327,0.3120155136221967
1720639687,prev_alpha5_beta5,1,2,2,0.6155724486136279,0.25921977734508833,0.3648147487696717,0.7060876964729997,0.5596757328185165,0.8124908669097191,0.3394222558852941
1725194300,PIFS-feature05-EMA,1,2,0,0.6724513261768091,0.2131664572852538,0.32371542120014685,0.7790765155983227,0.37731285457750385,0.8243045795458293,0.42314729381534566
1725198535,PIFS-feature05-EMA,1,2,1,0.6894967614426991,0.2546972567601219,0.3719848469675869,0.7955358725174244,0.4318444695769781,0.8248093147856285,0.3575254883508762
1725202700,PIFS-feature05-EMA,1,2,2,0.6564492073022602,0.24067850506403282,0.3522201169045361,0.7472635595202431,0.4343895792934044,0.8256294228770166,0.36645550628448686
1725211522,test,1,2,0,0.6659498102921301,0.2203410961743701,0.33112403642252203,0.7666096722291322,0.3904318996899897,0.828919826465109,0.4317868514507698
1725215914,test,1,2,1,0.683135381274335,0.26377224225485196,0.3805907710633199,0.7787095822872396,0.45416729520043086,0.834672138604275,0.3678465571239181
1725220221,test,1,2,2,0.6419099101168277,0.2427662703041756,0.3522963050190679,0.7268840346324498,0.4528672497603724,0.8266823448601975,0.37182944591274725
1725421527,PIFS-feature02-EMA50,1,2,0,0.6705472158004566,0.225577983848187,0.33758829474852187,0.7879966810758907,0.3955915250139061,0.813207077236194,0.4646987155661737
1725425724,PIFS-feature02-EMA50,1,2,1,0.6779775361788021,0.26748141559116545,0.3836155779722071,0.7935197369777033,0.47484150101141565,0.8145705832680131,0.38002944648754433
1725429871,PIFS-feature02-EMA50,1,2,2,0.6347144628128342,0.24454332464422857,0.35305956262253924,0.7328102446611627,0.47172099949695073,0.8128057415082065,0.3949729601159345
1725441229,PIFS-feature02-EMA50,1,2,0,0.6680164172108495,0.21835650793532432,0.3291294848194347,0.7774370353170409,0.38060685369674097,0.8206043660589817,0.4661316429698522
1725445527,PIFS-feature02-EMA50,1,2,1,0.6813060860626899,0.26698020131378736,0.3836293710764408,0.7893592087363223,0.45397818491052,0.8218083047152872,0.3897816792432044
1725449764,PIFS-feature02-EMA50,1,2,2,0.6395429058682268,0.24244761488280261,0.351603897082558,0.7313172801099358,0.45494766160005573,0.8189517559713879,0.38604171587097386
1725471318,PIFS-featureSimKD02-EMA50,1,2,0,0.6414814944287008,0.21091144947475998,0.31744934720275114,0.7253812361095496,0.37782987237213517,0.8414047233773505,0.4482988950846278
1725475602,PIFS-featureSimKD02-EMA50,1,2,1,0.6579522607757331,0.27577491536566934,0.3886504188084176,0.7410157866110118,0.4955236947956753,0.8417594561559735,0.4055544376563307
1725479743,PIFS-featureSimKD02-EMA50,1,2,2,0.6440612896061947,0.23039312806409554,0.33938257313102255,0.7160067360578295,0.45774943042891064,0.8343231399267932,0.344806207561367
1725556118,PIFS-featureATKD02-EMA50,1,2,0,0.6425978587064397,0.21248294552072675,0.3193641703292913,0.7266773571739615,0.3784304525019511,0.8412596277684665,0.4514527925069829
1725560404,PIFS-featureATKD02-EMA50,1,2,1,0.6589669674895801,0.2754191004182394,0.3884734493049402,0.7429099690906042,0.49295143771986316,0.84143322277424,0.4049032006210104
1725564628,PIFS-featureATKD02-EMA50,1,2,2,0.597980020292457,0.22671343609300076,0.3287769632844048,0.6620322765973742,0.4647376675832975,0.8258551445971825,0.3731602077723154
1732264101,PIFS-feature02-EMA50,1,2,0,0.6681038730720369,0.219278000555172,0.33018587781509684,0.7779384840169599,0.38145793445052184,0.8201209451493898,0.46947393470542265
1732268430,PIFS-feature02-EMA50,1,2,1,0.6816506620842352,0.26692681796463036,0.3836288463948254,0.7893145621956287,0.45166131641728813,0.8224790374928824,0.39111485017826075
1732272692,PIFS-feature02-EMA50,1,2,2,0.6388741949550897,0.24250308412683896,0.35156105409715055,0.7304894685931709,0.4541810954248797,0.8195586892698115,0.38514020013205136
1733217881,COS-mixup,1,2,0,0.615100999260396,0.1813856127795942,0.28015655250357396,0.672562782551969,0.37096550118608035,0.8618682931717869,0.44439759873009416
1733222276,COS-mixup,1,2,1,0.615166278848763,0.24897853173845155,0.3544850238207008,0.6741864750188753,0.4871735001276125,0.8719391519263635,0.3739355666585121
1733226610,COS-mixup,1,2,2,0.5397176268361522,0.16396067848135795,0.25151398761533444,0.5995181104091662,0.40089623106126526,0.8697270718307849,0.2708596522055842
1733235152,COS-mixup,1,2,0,0.4665276514495327,0.20371473454471442,0.28359458804393295,0.5129853082248287,0.4076260625047568,0.8845398446964939,0.36686412175015964
1733239529,COS-mixup,1,2,1,0.482582248818305,0.20718767030277827,0.2899085306287146,0.5262638027679831,0.4998328067505198,0.8691610748560238,0.2817364119934126
1733243895,COS-mixup,1,2,2,0.4531294043851599,0.17826730034986954,0.25587132470951357,0.49995837901174645,0.5430360632577155,0.8921802885686708,0.24597085868741825
1733920747,COS-mixup-manifold-4,1,2,0,0.6321248081223828,0.22255993608616956,0.3292106425146882,0.713090842281681,0.4086624543201868,0.8154636240997559,0.4287102383346797
1733925148,COS-mixup-manifold-4,1,2,2,0.5492400023884392,0.19130482185569125,0.28377015778939896,0.6071097145240391,0.40046546323523824,0.8705973324941528,0.2877391089537174
1733936094,COS-mixup-manifold-4,1,2,0,0.657969424179489,0.22427298580019234,0.33452204441036965,0.7544036428331714,0.395986878932633,0.826040030581359,0.3883516234069166
1733940252,COS-mixup-manifold-4,1,2,1,0.6746244617879249,0.29384418773875326,0.4093771689969519,0.7681241283166381,0.5835285839892157,0.8301933997869897,0.37136016169599684
1733944366,COS-mixup-manifold-4,1,2,2,0.6084241231554004,0.2363791106136781,0.3404786993196866,0.6812752497141585,0.4469312762003049,0.8522230720213897,0.34788897117753076
1734026278,COS-mixup-manifold-4,1,2,0,0.6354935531525021,0.22945460601523884,0.3371691616851064,0.7191502197427951,0.39793309331099946,0.8208752852832807,0.4290086034440074
1734030376,COS-mixup-manifold-4,1,2,1,0.6365235630172704,0.2590632195190673,0.3682498374261376,0.7073359052957472,0.5032011093780233,0.8526939486594242,0.3610134933766925
1734034409,COS-mixup-manifold-4,1,2,2,0.5348166788058287,0.19002022665074653,0.2804106296416262,0.5901332798095397,0.3961332761473809,0.8685233357873314,0.28716656981716404
1734065204,COS-mixup-manifold-1,1,2,0,0.6557613009714627,0.2402925239649293,0.35170775179748637,0.7430982863583826,0.4078058053556942,0.8370264733524304,0.38627724251024903
1734068970,COS-mixup-manifold-1,1,2,1,0.6690890991465019,0.26777309015109335,0.3824768631108848,0.7521692410380166,0.528629387371447,0.8421811425990431,0.3583346206169898
1734072771,COS-mixup-manifold-1,1,2,2,0.6154818375096351,0.23523480695170015,0.3403783202585195,0.6939972671773127,0.43088820899561997,0.8291155195774854,0.3608546253685998
1734082077,COS-mixup-manifold-4,1,2,0,0.6568799710420087,0.2227872695700169,0.3327269413417332,0.7446185995310723,0.41493975849865966,0.8346441458834049,0.35233955505546455
1734085748,COS-mixup-manifold-4,1,2,1,0.6790526803708671,0.2868341812350476,0.40330918108939195,0.7560395709481587,0.5804094724202166,0.8505104422709695,0.35595047148589287
1734089361,COS-mixup-manifold-4,1,2,2,0.6229188292402548,0.25070511160687586,0.3575198144301529,0.6974976631997764,0.4836371810512558,0.8504764534676825,0.34153756136622127
1734099069,COS-mixup-manifold-4-EMA,1,2,0,0.6302337460491484,0.22611461996127188,0.3328203091893046,0.7104793064303351,0.3966468807032525,0.8237972580993973,0.4201110614924325
1734103132,COS-mixup-manifold-4-EMA,1,2,1,0.6380872215984194,0.26283457084776546,0.37231063219570537,0.7094605267117907,0.5098802245329194,0.8531803235675237,0.3654419239891711
1734107109,COS-mixup-manifold-4-EMA,1,2,2,0.5501922254756864,0.19830187594909976,0.29152975350575216,0.6070917487358057,0.4112882377388246,0.8695755443005833,0.29490922124697233
1734168663,COS-mixup-aft-manifold-4-EMA55,1,2,0,0.6499827791632085,0.22207174319321546,0.33104078956968946,0.7427590393430004,0.39593786958691596,0.825794006336295,0.39160303601125346
1734172588,COS-mixup-aft-manifold-4-EMA55,1,2,1,0.6665860088576805,0.29070037813243815,0.4048460470476129,0.7517403127910662,0.591925697549695,0.8385161573355268,0.3674277782579682
1734176493,COS-mixup-aft-manifold-4-EMA55,1,2,2,0.6017320765896687,0.23099942236924614,0.33384052911902257,0.6704812241135645,0.4421933274442538,0.8551913706862445,0.34166868505603276
1734187556,COS-mixup-aft-manifold-4-EMA15,1,2,0,0.655183208870641,0.22383964641775092,0.3336795554976474,0.7504123538751161,0.39601965352570245,0.8250681473052844,0.38974583638179283
1734191544,COS-mixup-aft-manifold-4-EMA15,1,2,1,0.6726242662947455,0.29208601275396495,0.407301848628221,0.7633165331501032,0.5864275788913103,0.8332654273818341,0.369233608961966
1734195477,COS-mixup-aft-manifold-4-EMA15,1,2,2,0.6089020875759402,0.2329794288287697,0.33701098744135444,0.6820141416498375,0.44266179255143845,0.8512292789250467,0.34348701649566654
1734199798,COS-mixup-aft-manifold-4-EMA95,1,2,0,0.6417966057478746,0.21959514774075323,0.32722723403824444,0.7307945701798468,0.3946525285199443,0.8278095874354254,0.3936844202512148
1734203802,COS-mixup-aft-manifold-4-EMA95,1,2,1,0.65548756604155,0.2898417820103668,0.40195025071132534,0.7337360341534077,0.598514119466975,0.8448694122802755,0.36647228264848375
1734207699,COS-mixup-aft-manifold-4-EMA95,1,2,2,0.5743679597257534,0.21767346392647746,0.31570233482329585,0.6336258700833644,0.42953083344134474,0.8644541888726849,0.3271734514422389
1734250939,COS-mixup-aft-manifold-4-EMA1010,1,2,0,0.6266743674133513,0.20497000073795965,0.30890474455255296,0.7202994265642928,0.360553527361542,0.8173890289966264,0.44266254770041746
1734254942,COS-mixup-aft-manifold-4-EMA1010,1,2,1,0.6422291139972321,0.2806323718993248,0.39059009898706953,0.7394614227807811,0.525096346850505,0.8187473858559657,0.3983341899164087
1734258871,COS-mixup-aft-manifold-4-EMA1010,1,2,2,0.5665490177165291,0.18892071624559265,0.2833544254748665,0.6282399251463984,0.3645334119366924,0.853767974726692,0.3241833729200195
1734263578,COS-mixup-aft-manifold-4,1,2,0,0.6441221706514064,0.22026218290508473,0.3282700682433584,0.7255199833466237,0.4012947605629928,0.8389504299836101,0.36470858642411386
1734267302,COS-mixup-aft-manifold-4,1,2,1,0.6542051857302917,0.2852055266110266,0.3972339937296365,0.7151926206721104,0.603922220293635,0.8641023779299671,0.3484675799394547
1734270935,COS-mixup-aft-manifold-4,1,2,2,0.5890553345475675,0.24221160411835974,0.34327369671220037,0.65044497185877,0.48751736320171135,0.8589235566350227,0.3290450769449795
1734286598,COS-mixup-aft-manifold-4-EMA00,1,2,0,0.6569350357597407,0.22298376795934086,0.3329531064890793,0.7444207913140869,0.4149025680604332,0.8349019748536031,0.35215809195345066
1734290315,COS-mixup-aft-manifold-4-EMA00,1,2,1,0.6789252356445776,0.2874008802191408,0.40384650093583435,0.7556048377686937,0.5794122546722493,0.8508082394532158,0.35696799514572425
1734293950,COS-mixup-aft-manifold-4-EMA00,1,2,2,0.6226862634530381,0.25047008887124644,0.35724251064730894,0.697265487459946,0.4828687059900285,0.8504556546490216,0.34156385226384645
1734348732,COS-mixup-aft-manifold-4-EMA10,1,2,0,0.6438102745733972,0.21559464350361007,0.3230189721073379,0.7285684850869891,0.40777284293278393,0.833485969149626,0.34673740126939817
1734352745,COS-mixup-aft-manifold-4-EMA10,1,2,1,0.6675376923472969,0.28779236124501145,0.40219031732180677,0.7371057218059903,0.5939311580080588,0.8560093857044502,0.35779788090383713
1734356685,COS-mixup-aft-manifold-4-EMA10,1,2,2,0.5941501013504888,0.22912941854701235,0.33071943115756147,0.654273812265064,0.44591857584697364,0.8640865761275042,0.3236371404786193
1734370159,COS-mixup-aft-manifold-4-EMA0,1,2,0,0.6569883441718969,0.22277490034300934,0.3327270463091805,0.7447061703538801,0.4149967982791395,0.8345885887037514,0.35200963505027916
1734373851,COS-mixup-aft-manifold-4-EMA0,1,2,1,0.6787595091682384,0.28644220392236464,0.402869922633803,0.7554211915170086,0.5785260974955702,0.8506138004907704,0.35576825444230487
1734377549,COS-mixup-aft-manifold-4-EMA0,1,2,2,0.6228056163977644,0.25041472881851556,0.35720583101683545,0.6972998947411235,0.4833283099932844,0.850637759934947,0.3412094929023352
1734418609,COS-mixup-aft-manifold-4-EMA1,1,2,0,0.6717885641051307,0.22686339443003592,0.33918411359297285,0.7709826881605101,0.4264774375679655,0.8265015410636847,0.3425845024365829
1734422354,COS-mixup-aft-manifold-4-EMA1,1,2,1,0.6931811959114329,0.28472958760235,0.40365481058791153,0.7921546248592212,0.5523717849422626,0.8299309570205474,0.3581531805584769
1734425985,COS-mixup-aft-manifold-4-EMA1,1,2,2,0.6494185990368504,0.2550290709055581,0.3662359414375033,0.739232601830167,0.47876212000826845,0.8368187808715367,0.3432624465757289
1734520067,COS-mixup-aft-manifold-4-EMA1,1,2,0,0.6683697637571911,0.22624718248674852,0.3380592700468814,0.7644176129568548,0.42660306599202114,0.8287509884638885,0.34371203561253316
1734524060,COS-mixup-aft-manifold-4-EMA1,1,2,1,0.6908131789765872,0.2866986420312738,0.4052231309196661,0.7876644290565558,0.5516576119935437,0.8326668695636058,0.363243899184869
1734527989,COS-mixup-aft-manifold-4-EMA1,1,2,2,0.6462214182644033,0.25084279057599446,0.36140107316723874,0.7344545649967185,0.46750710727950856,0.8388722002163784,0.3427962999606693
1734535536,COS-mixup-manifold-4,1,2,0,0.6183173174925861,0.2374368022907772,0.343115582554523,0.6926196903886416,0.4158549395652398,0.8133360639178674,0.42289540377726864
1734588514,COS-mixup-manifold-4,1,2,1,0.5318739055072802,0.22708511223967692,0.3182797561007313,0.5695986902697748,0.5578201441510544,0.8825787217671459,0.2861409881629456
1734592178,COS-mixup-manifold-4,1,2,2,0.516394925125659,0.18788318707130872,0.27552162317639717,0.5634112160525735,0.4120197714592731,0.8883042936755485,0.2691249661178624
1734601635,COS-mixup-manifold-4-F0.1-O0.1,1,2,0,0.6718471903520589,0.2269269694611892,0.3392626394138577,0.7711062772871471,0.42643753486204883,0.8264275661709539,0.34299921661115956
1734605357,COS-mixup-manifold-4-F0.1-O0.1,1,2,1,0.6931691943241078,0.2842493960843256,0.40316999656933505,0.7922123741395419,0.5513974879838677,0.8299097129838156,0.35770078304887765
1734608999,COS-mixup-manifold-4-F0.1-O0.1,1,2,2,0.6496580191387705,0.25498000481859995,0.36622339646039853,0.7395889608440527,0.4783448907594566,0.8367472781765459,0.343421525786859
1734638912,COS-mixup-manifold-4-F0.1-O1.0,1,2,0,0.6550105050640049,0.20708608948553006,0.3146829831441884,0.8203318073689098,0.362297465992527,0.7579942634054269,0.3792925985794674
1734642408,COS-mixup-manifold-4-F0.1-O1.0,1,2,1,0.5805017984522158,0.23117117749523267,0.33066342791480935,0.7406231571079198,0.635330236298894,0.7288763011296736,0.26852645345953474
1734645896,COS-mixup-manifold-4-F0.1-O1.0,1,2,2,0.6444664780774166,0.255285668481135,0.36570750355852505,0.7762600277172469,0.4513086213886809,0.7881637910417532,0.36991487414520485
1736153942,COS-mixup-manifold-4-EMA010-F0.1,1,2,0,0.6718430650151459,0.2268292487164703,0.33915289336101173,0.770940933998487,0.42623431851308674,0.8265787094086237,0.3429426802540432
1736157575,COS-mixup-manifold-4-EMA010-F0.1,1,2,1,0.6930731958639754,0.2850574899294097,0.40396586758770114,0.7921781483576366,0.5529474229990281,0.829878406649613,0.3584500035628554
1736161153,COS-mixup-manifold-4-EMA010-F0.1,1,2,2,0.649585167193462,0.25505506857902405,0.36628923369734623,0.7396185963227958,0.4788277304001755,0.8365921760733569,0.3433184665000506
1736389953,COS-mixup-manifold-4-EMA00-F0.1,1,2,0,0.671812694074022,0.22678166769292832,0.3390958359449374,0.7709827387295803,0.4263912299314496,0.8264855617463303,0.3427816394287194
1736393650,COS-mixup-manifold-4-EMA00-F0.1,1,2,1,0.6930880939940713,0.284733765044526,0.40364322128060853,0.7921983182488594,0.5525288491146386,0.8298497333228299,0.35815075805419105
1736397285,COS-mixup-manifold-4-EMA00-F0.1,1,2,2,0.6495556646545453,0.2549394359478091,0.3661652885758107,0.7395787789911804,0.4783368381619139,0.8366147578414722,0.3433191813508555
1739780517,COS-mixup-aft-manifold-4-EMA1-int5,1,2,2,0.6459853464621362,0.2507495376768413,0.36126737085047045,0.733979638321938,0.46738799272104287,0.8391019659991857,0.34287572687998413
1739804738,COS-mixup-aft-manifold-4-EMA1-int5,1,2,0,0.6697028584340079,0.22633300493794262,0.33832543218636424,0.7683673405237307,0.42865963877638,0.8270980103816195,0.34194659193902266
1739808338,COS-mixup-aft-manifold-4-EMA1-int5,1,2,1,0.6913570381823109,0.28578436154042786,0.4044021260576523,0.7914151692717616,0.5540918719299693,0.8295437162581912,0.36136074814019287
1739872817,COS-mixup-aft-manifold-4-EMA1-int5,1,2,2,0.6486695844165156,0.25451662328736147,0.36558838221107376,0.741422728780216,0.47358188779559196,0.8333317969017793,0.34680531453216557
1740235492,COS-mixup-aft-manifold-4-F0.1-mem,1,2,0,0.700060580771766,0.22368579649508438,0.33904026572329893,0.8318034619609396,0.3403699192906478,0.8043013420639393,0.38571383247217733
1740237135,COS-mixup-aft-manifold-4-F0.1-mem,1,2,1,0.6984295372401991,0.2715246340159523,0.3910304839237491,0.845488369732668,0.41748325560949173,0.785307815061341,0.4022930860454338
1740238778,COS-mixup-aft-manifold-4-F0.1-mem,1,2,2,0.699344529265554,0.25678109761531925,0.3756377839634079,0.8192248297134919,0.36234513209990693,0.8136967527581935,0.43500067149000754
1740415347,COS-mixup-aft-manifold-4-F0.1-mem,1,2,0,0.7026138419660729,0.21433962143015722,0.32847465200863873,0.8274806138998541,0.3212705954682435,0.8058289652384286,0.39774858537770535
1740418903,COS-mixup-aft-manifold-4-F0.1-mem,1,2,0,0.7050197860400796,0.2248566483030315,0.34096656334404535,0.8292457710299194,0.33787540760561746,0.8073041896432576,0.39491496735870035
1740422216,COS-mixup-aft-manifold-4-F0.1-mem,1,2,1,0.707126053073456,0.27305034553392843,0.39397196953951535,0.8264109674751567,0.4182756691540431,0.807127926564259,0.3984325473308937
1740425507,COS-mixup-aft-manifold-4-F0.1-mem,1,2,2,0.699203860701346,0.25418945185561476,0.3728371989737157,0.8316691592216929,0.34983367549033867,0.7975313499153537,0.43543426186285056
1740464166,COS-mixup-aft-manifold-4-F0.1-ran,1,2,0,0.7127458106193777,0.2440846363579649,0.3636387252313539,0.8395320398019309,0.32734396789070574,0.8138460010858046,0.47635425802597525
1740467458,COS-mixup-aft-manifold-4-F0.1-ran,1,2,1,0.7158766984453775,0.2947620416598371,0.4175839869120692,0.8430683442118914,0.4073352911433993,0.8122559239939123,0.4717508144155619
1740470725,COS-mixup-aft-manifold-4-F0.1-ran,1,2,2,0.707668415650375,0.26832108616399053,0.3891073778524614,0.8288528304729734,0.35284180721373454,0.8160642401900328,0.49283346492562713
1740552747,COS-mixup-aft-manifold-4-F0.1-EMA-ran,1,2,0,0.7065762127449543,0.24207480834627332,0.3606053174022186,0.8335457581549666,0.3261946735575674,0.8117131086114502,0.4719412680423649
1740556387,COS-mixup-aft-manifold-4-F0.1-EMA-ran,1,2,1,0.7072439364536085,0.29196625723439207,0.4133091643429619,0.8411850133069648,0.42033701988199146,0.8028110656170717,0.45018615886575797
1740560025,COS-mixup-aft-manifold-4-F0.1-EMA-ran,1,2,2,0.7004207691303705,0.26942575868693897,0.3891572361407414,0.8189048506354253,0.35865121077479056,0.8172552491043904,0.483190836244111
1740590631,COS-mixup-aft-manifold-4-F0.1-ran-only,1,2,0,0.7071448689114782,0.23986159819198435,0.3582169801419897,0.8402130718155636,0.3299131153740546,0.8055146146569125,0.44949606546553555
1740593911,COS-mixup-aft-manifold-4-F0.1-ran-only,1,2,1,0.6108458453551979,0.2007311778132553,0.3021667753031791,0.7956304220836433,0.3489128740220364,0.7223386925513968,0.35388614392339046
1740597168,COS-mixup-aft-manifold-4-F0.1-ran-only,1,2,2,0.6971105115999227,0.27514495250399973,0.39455975447970915,0.837598854301634,0.3783955057519178,0.7944078755969768,0.4608708601642214
1740638881,COS-mixup-aft-manifold-4-F0.1-ran-only,1,2,0,0.70412302532824,0.23767476885500952,0.3553889769629616,0.8475528187706627,0.33524930603847636,0.7942657908123799,0.4427109141825789
1740642544,COS-mixup-aft-manifold-4-F0.1-ran-only,1,2,1,0.661557677963794,0.26327626114127645,0.37665666152380367,0.8429986398631556,0.4091955140770566,0.7463437099082704,0.4005789547047482
1740646191,COS-mixup-aft-manifold-4-F0.1-ran-only,1,2,2,0.6999841564010032,0.27884994936181834,0.3988225285925845,0.8325775981858434,0.3865127286827458,0.8036037672039075,0.46638250079695015
1740739417,COS-mixup-aft-manifold-4-F0.1-EMA010-ran-only,1,2,0,0.7071014719536961,0.2391639797652812,0.3574328996649403,0.831888236065182,0.3224802332565283,0.8134614302186277,0.4651318129919823
1740742559,COS-mixup-aft-manifold-4-F0.1-EMA010-ran-only,1,2,1,0.7096909602859955,0.28929580373641206,0.41103771171846676,0.8342332028396042,0.4058219010469733,0.8121113876910973,0.4584312959279416
1740745654,COS-mixup-aft-manifold-4-F0.1-EMA010-ran-only,1,2,2,0.7013677342845641,0.2620032280648438,0.3814950161979923,0.8164869280170952,0.3445685568008171,0.82048964091597,0.4819421435654462
1740750666,COS-mixup-aft-manifold-4-F0.1-EMA090-ran-only,1,2,0,0.7026916864521214,0.23639083932333418,0.35377056432559956,0.8308555890865285,0.31629601999118806,0.8095708712197857,0.46360382937360517
1740753760,COS-mixup-aft-manifold-4-F0.1-EMA090-ran-only,1,2,1,0.707270029718844,0.29135843098187747,0.4127042123249579,0.8302467467219071,0.4073365599967505,0.814254384314406,0.4665384201900606
1740756817,COS-mixup-aft-manifold-4-F0.1-EMA090-ran-only,1,2,2,0.6961424812410945,0.259241537708953,0.3777937326182199,0.8107923350221818,0.34487494005571817,0.8222117687926858,0.462029357661205
1740763367,COS-mixup-aft-manifold-4-F0.1-min-only,1,2,0,0.6674501869264757,0.20543474060328576,0.3141707496425525,0.7567687253093718,0.37607478097495245,0.8352806989000093,0.32525478231025673
1740766144,COS-mixup-aft-manifold-4-F0.1-min-only,1,2,1,0.6922196384418671,0.27610281736751535,0.39475237048214384,0.7938538288082191,0.4758927442756497,0.8178361509721831,0.3664163254984908
1740768878,COS-mixup-aft-manifold-4-F0.1-min-only,1,2,2,0.6707672761913401,0.2632168325650013,0.37807332302994967,0.7585619303733298,0.41698125263907315,0.8359174462415268,0.3955937625408187
1740801123,COS-mixup-aft-manifold-4-F0.1-top-only,1,2,0,0.7037956305125894,0.2263377821040887,0.34252192191791797,0.8229313064120092,0.3424356116206793,0.8132019854132837,0.41147685052855715
1740803899,COS-mixup-aft-manifold-4-F0.1-top-only,1,2,1,0.706451483595158,0.27191847363750077,0.39268828258278604,0.8228589901841835,0.41327484711039786,0.8110146188330898,0.40106827593450867
1740806627,COS-mixup-aft-manifold-4-F0.1-top-only,1,2,2,0.6995711768536845,0.25389471144229947,0.3725721586076887,0.8193589951905615,0.3448724904440846,0.8114948471452952,0.4454537836995419
1740824731,COS-mixup-aft-manifold-4-F0.1-ran-only,1,2,0,0.7067464161908462,0.2380525808270293,0.3561451883321624,0.8310592469046025,0.32017235352376183,0.8142442682389495,0.4619787874586154
1740827527,COS-mixup-aft-manifold-4-F0.1-ran-only,1,2,1,0.7102544206576064,0.29269330559721574,0.414551444218523,0.8344418910527343,0.410751714198861,0.8125659423227615,0.46117822018019394
1740830274,COS-mixup-aft-manifold-4-F0.1-ran-only,1,2,2,0.7013463183889158,0.2636529258327985,0.3832376242210081,0.8173068209341421,0.3484946998793717,0.8202152891198266,0.4817835745086992
1740975735,COS-mixup-aft-manifold-4-F0.1-EMA090-ran-only,1,2,0,0.6988247268437604,0.23519859881433325,0.35194537878303006,0.827448602629246,0.31900848021990547,0.8075701006407413,0.4517075095646961
1740978870,COS-mixup-aft-manifold-4-F0.1-EMA090-ran-only,1,2,1,0.7039923380805173,0.28701955628380177,0.4077843457826036,0.8386146531186387,0.41691039153260806,0.8018408459166301,0.44453981860048336
1740981958,COS-mixup-aft-manifold-4-F0.1-EMA090-ran-only,1,2,2,0.6865691574794773,0.22558492995130192,0.3395909911075976,0.8141180083415053,0.3127990143351065,0.8036812458238938,0.3992977649164563
1741063496,COS-mixup-aft-manifold-4-F0.1-ran-only,1,2,0,0.7067514784315791,0.23795836833431894,0.35604038467722465,0.8310547002074411,0.3201210355081787,0.8142719761088669,0.46193533987615504
1741066302,COS-mixup-aft-manifold-4-F0.1-ran-only,1,2,1,0.7102557715596867,0.2927828527945354,0.4146414823156228,0.8343814646398418,0.41103696267522166,0.812666230525549,0.46110658492673134
1741069060,COS-mixup-aft-manifold-4-F0.1-ran-only,1,2,2,0.7013319284570427,0.26364187618156104,0.38322380266829087,0.8174620192770934,0.3485001001794852,0.8199997796862907,0.48164394269524785
1741085281,COS-mixup-aft-manifold-4-F0.1-EMA050-ran-only,1,2,0,0.7055875112430566,0.23725707189401618,0.35510757526020814,0.8319169089436171,0.3186444892402075,0.8117963619546364,0.4688368684328955
1741088411,COS-mixup-aft-manifold-4-F0.1-EMA050-ran-only,1,2,1,0.7062380899702098,0.28676339402954476,0.40790116618365585,0.8412727712418542,0.41727657507507115,0.8018754384136573,0.4416640706753644
1741091506,COS-mixup-aft-manifold-4-F0.1-EMA050-ran-only,1,2,2,0.7009554996287157,0.26100956814064463,0.3803799085306624,0.8204287360318802,0.34517538549910265,0.8162833258243576,0.47451481665277806
1741100943,COS-mixup-aft-manifold-4-F0.1-EMA010-ran-only,1,2,0,0.707087214634169,0.2392519656461738,0.35752932882772015,0.8316807826433793,0.322542893796043,0.8136314475852884,0.4643121185696689
1741104063,COS-mixup-aft-manifold-4-F0.1-EMA010-ran-only,1,2,1,0.7095773659022443,0.28963913541593606,0.4113650535184651,0.8351419691016465,0.40763946784099414,0.8109660110981246,0.4577202451100623
1741107151,COS-mixup-aft-manifold-4-F0.1-EMA010-ran-only,1,2,2,0.7013089874379584,0.26300178511710587,0.38254372109966406,0.8169534721219873,0.346365820996947,0.8199672240371091,0.48177409337980104
1741440515,COS-mixup-aft-manifold-4-F0.1-EMA050_10-ran-only-COS01,1,2,0,0.7022325549835485,0.23737997262080182,0.35481848055057513,0.8326213042389388,0.32769298260330626,0.8075520088140614,0.4620021764207971
1741443679,COS-mixup-aft-manifold-4-F0.1-EMA050_10-ran-only-COS01,1,2,1,0.7038331725319789,0.30417364198375046,0.4247739129439957,0.8342682639887171,0.45255290520770164,0.8064962046182104,0.4487947472186066
1741461593,COS-mixup-aft-manifold-4-F0.1-EMA050_10-ran-only-COS01,1,2,2,0.6487977038702686,0.23493926753219113,0.3449624996042665,0.8182574918510147,0.37245403089979795,0.7547821083973183,0.38312546923910784
1741494812,COS-mixup-aft-manifold-4-F0.1-EMA050-ran-only-COS001,1,2,2,0.7005708946681058,0.26214537779673397,0.3815276153709634,0.8195098922924143,0.3485642247967192,0.8166708404541217,0.477613660445044
1741502332,COS-mixup-aft-manifold-4-F0.1-EMA050-ran-only-COS001,1,2,0,0.7045123565100332,0.23341481328812508,0.35065328193734835,0.8326578037842187,0.31413364370793173,0.8108404346972465,0.47283022794265184
1741505447,COS-mixup-aft-manifold-4-F0.1-EMA050-ran-only-COS001,1,2,1,0.7077128137315856,0.29282166235606977,0.4142458806575277,0.8325086110131408,0.40843030668561264,0.8121847694147651,0.4658268978268715
1741508522,COS-mixup-aft-manifold-4-F0.1-EMA050-ran-only-COS001,1,2,2,0.699097622229173,0.2558531647808743,0.37460849620983894,0.8153258409556714,0.3369058631778209,0.820048750597899,0.47696512425706983
1741514387,COS-mixup-aft-manifold-4-F0.1-EMA050-ran-only-COS01,1,2,0,0.7004596025719171,0.23944111773483173,0.35688626797344863,0.8283390163849526,0.3289902667111052,0.8100826131004926,0.4513622169050778
1741517536,COS-mixup-aft-manifold-4-F0.1-EMA050-ran-only-COS01,1,2,1,0.7074250957915404,0.30626296658257174,0.4274650486948661,0.8233527393120516,0.4262963534308374,0.8201528801551087,0.4821505387638692
1741521483,COS-mixup-aft-manifold-4-F0.1-EMA050-ran-only-COS01,1,2,2,0.6958529696890883,0.26692072405305367,0.3858384991429249,0.8209020501280274,0.37305097283644556,0.8115601373813033,0.46440629219605334
1741530800,COS-mixup-aft-manifold-4-F0.1-EMA050_2-ran-only-COS01,1,2,0,0.7004850452450944,0.23908363894118972,0.3564923277240191,0.8277850897744534,0.3309768384604532,0.8101481971749995,0.4523511328958903
1741534044,COS-mixup-aft-manifold-4-F0.1-EMA050_2-ran-only-COS01,1,2,1,0.7075872397582842,0.31117044083458956,0.432252413932978,0.8257539813265764,0.43573343193477837,0.819174399642927,0.4831031756320284
1741537249,COS-mixup-aft-manifold-4-F0.1-EMA050_2-ran-only-COS01,1,2,2,0.6954565984874908,0.26554707167475244,0.38434080730213843,0.8144446303589831,0.3637826007419779,0.8174977933348901,0.46513209186690274
1741541478,COS-mixup-aft-manifold-4-F0.1-EMA050_4-ran-only-COS01,1,2,0,0.7003867680374398,0.23948821184276164,0.35692911986442566,0.8295031860181076,0.33102336109687797,0.809459037544074,0.45023536450221346
1741544652,COS-mixup-aft-manifold-4-F0.1-EMA050_4-ran-only-COS01,1,2,1,0.7065772430027583,0.30982655094402695,0.43076657422737985,0.8219307824182339,0.43204165531647065,0.8216126615045356,0.4845675051825803
1741547762,COS-mixup-aft-manifold-4-F0.1-EMA050_4-ran-only-COS01,1,2,2,0.695658188438497,0.2628416509132997,0.38152942590826977,0.8125982087817992,0.3581111610794833,0.8193283997064214,0.4652522905526689
1741572378,COS-mixup-aft-manifold-4-F0.1-EMA050_2-ran-only-COS05,1,2,0,0.23570674872688888,0.025585155471599518,0.046159821372051386,0.3841446974349123,0.08337702540839617,0.5244333789953199,0.12513299358739427
1741575558,COS-mixup-aft-manifold-4-F0.1-EMA050_2-ran-only-COS05,1,2,1,0.0423510701225592,0.001337500988511782,0.002593108298710213,0.05341034289124822,0.04929132761250606,0.04787165293326161,0.0013654198731403978
1741578710,COS-mixup-aft-manifold-4-F0.1-EMA050_2-ran-only-COS05,1,2,2,0.040156149450179306,0.0,0.0,0.08607561146277479,0.0,0.05331886776923206,0.0
1741595260,COS-mixup-aft-manifold-4-F0.1-EMA050_4-half-COS01,1,2,0,0.685548912667537,0.1999576074730138,0.30960973694686933,0.8360261473973469,0.3348089861533692,0.7734558822144217,0.32799665351713936
1741598437,COS-mixup-aft-manifold-4-F0.1-EMA050_4-half-COS01,1,2,1,0.6747259074359929,0.26798446935605036,0.3836089401716666,0.8149217358314121,0.4389876017562159,0.7734351203352151,0.37476032923708597
1741603993,COS-mixup-aft-manifold-4-F0.1-EMA050_2-half-COS01,1,2,0,0.6781398009510641,0.18856514235452265,0.29507972485976425,0.8441476769661787,0.3165365697673125,0.757120285872062,0.3210825679504877
1741607151,COS-mixup-aft-manifold-4-F0.1-EMA050_2-half-COS01,1,2,1,0.574780782438948,0.19768613029905518,0.2941904352844618,0.771387760036513,0.3580327489560522,0.685699743479782,0.3023785834538598
1741610318,COS-mixup-aft-manifold-4-F0.1-EMA050_2-half-COS01,1,2,2,0.573738645914075,0.16848488750182894,0.26047757005871647,0.8061120695531324,0.2682977599178594,0.6646993027189121,0.29326460323783526
1741623950,COS-mixup-aft-manifold-4-F0.1-EMA090_2-half-COS01,1,2,0,0.6797213956948835,0.2005726887197521,0.3097454596790169,0.8170748055911535,0.31905668111961827,0.7830932547239453,0.3604598003325169
1741627183,COS-mixup-aft-manifold-4-F0.1-EMA090_2-half-COS01,1,2,1,0.6840353351623073,0.28339898748382364,0.400760892704164,0.7925336333607993,0.4335151045334865,0.8047672043458554,0.42178491337234963
1741630374,COS-mixup-aft-manifold-4-F0.1-EMA090_2-half-COS01,1,2,2,0.6670061289905581,0.23681236263075917,0.3495288019878912,0.7846555530835512,0.3334827748767203,0.8011093972527347,0.42810602840937656
1741686076,COS-mixup-aft-manifold-4-F0.1_C-EMA050_2-ran-only-COS01,1,2,0,0.6847769982152873,0.2268827533318712,0.3408378849888966,0.7989069254662113,0.3067074248526662,0.8181174128213894,0.5118318905790652
1741689168,COS-mixup-aft-manifold-4-F0.1_C-EMA050_2-ran-only-COS01,1,2,1,0.6972384428947144,0.31329557766142424,0.4323292759886184,0.794521852400697,0.4155633810482692,0.8366956790293053,0.5349803619253258
1741692219,COS-mixup-aft-manifold-4-F0.1_C-EMA050_2-ran-only-COS01,1,2,2,0.6772916655053536,0.24013510932508692,0.35456019510910347,0.7733987087185871,0.31701368851107564,0.8358239716948471,0.5315325587145603
1741695516,COS-mixup-aft-manifold-4-F0.1_C-EMA050_2-half-COS01,1,2,0,0.6786359698638772,0.215085513737627,0.32664486396992126,0.7943549242645846,0.33292214515973395,0.8040550865907208,0.41576276429395936
1741698525,COS-mixup-aft-manifold-4-F0.1_C-EMA050_2-half-COS01,1,2,1,0.6823757164050162,0.28498977601306097,0.40206127694075583,0.7802952576951335,0.4203601285700077,0.8166946450288897,0.44507052529020985
1741701553,COS-mixup-aft-manifold-4-F0.1_C-EMA050_2-half-COS01,1,2,2,0.669099979179721,0.2174264610037775,0.3282023726232815,0.7824973493863674,0.2901871627700946,0.8049466998776502,0.4962456905671804
1741708095,COS-mixup-aft-manifold-4-F0.1_C-EMA050_2-min-only-COS01,1,2,0,0.6395887961683184,0.21071052587610195,0.31698976605334506,0.715655628000037,0.3470532412725955,0.8464477696579622,0.393244195452222
1741711200,COS-mixup-aft-manifold-4-F0.1_C-EMA050_2-min-only-COS01,1,2,1,0.6420502263433943,0.2883304967688701,0.3979503360578948,0.7031600741789965,0.4738413034954115,0.866220108202018,0.4250219352864531
1741716644,COS-mixup-aft-manifold-4-F0.1_C-EMA050_2-min-only-COS01,1,2,2,0.6114028212741939,0.23765529117750725,0.3422689528213737,0.6727901495947219,0.36306800799373945,0.8508983918228423,0.4186657954753857
1741751470,COS-mixup-aft-manifold-4-F0.1_C-EMA050_2-min-only-COS01,1,2,0,0.6412551288242035,0.21289440113466912,0.31966212434054103,0.7184458479739849,0.3507704078412067,0.8444146331905966,0.40233991095814803
1741754556,COS-mixup-aft-manifold-4-F0.1_C-EMA050_2-min-only-COS01,1,2,1,0.6420060565611343,0.2871694810852557,0.396834696236729,0.7006084213912487,0.47527582682244357,0.8701694932144697,0.4244710258316518
1741757652,COS-mixup-aft-manifold-4-F0.1_C-EMA050_2-min-only-COS01,1,2,2,0.6090551494146224,0.24205463605947092,0.3464291564914466,0.6697965037582434,0.36933808092247034,0.8508901559376918,0.40664261973003624
1741781954,COS-mixup-aft-manifold-4-F0.1_C-EMA050_2-top-only-COS01,1,2,0,0.6920047318311624,0.2036181060437186,0.3146518532356522,0.8288278125211296,0.29643044217164005,0.7903034489826294,0.40696260173489957
1741785051,COS-mixup-aft-manifold-4-F0.1_C-EMA050_2-top-only-COS01,1,2,1,0.6966125179677158,0.2793148918551064,0.3987473825668868,0.8099401553039463,0.4216374129084418,0.8112481862748228,0.44143526963079865
1741788154,COS-mixup-aft-manifold-4-F0.1_C-EMA050_2-top-only-COS01,1,2,2,0.6823421874324598,0.2290992378576576,0.34302604810648046,0.8014526928660852,0.31126837510475835,0.8068865095044532,0.47338874870419295
1741793862,COS-mixup-aft-manifold-4-F0.1_C-EMA050_2-top-only-COS01,1,2,0,0.6477770033045812,0.11719747133071264,0.19848460122719228,0.8293314144331083,0.135527618113146,0.7307250620793992,0.5465404800492982
1741796664,COS-mixup-aft-manifold-4-F0.1_C-EMA050_2-top-only-COS01,1,2,1,0.6462905975798807,0.1740247396240649,0.2742129711939246,0.8208010952068211,0.21023158370510248,0.7354046017212952,0.498078812126107
1741799495,COS-mixup-aft-manifold-4-F0.1_C-EMA050_2-top-only-COS01,1,2,2,0.6545760894747872,0.15462218971085853,0.2501537407835799,0.809480011184577,0.1814665517129082,0.7613325933123609,0.48180777346529535
1741804688,COS-mixup-aft-manifold-4-F0.1_C-EMA099_2-top-only-COS01,1,2,0,0.6918573773657113,0.19830714634682814,0.3082582118914028,0.8315066910239581,0.27591811098885216,0.7874633063360096,0.41440990004697403
1741807475,COS-mixup-aft-manifold-4-F0.1_C-EMA099_2-top-only-COS01,1,2,1,0.6941412544170618,0.2668828595911492,0.385535389255446,0.8133477815703476,0.39070581800740883,0.8040648493969179,0.44103746935043275
1741810285,COS-mixup-aft-manifold-4-F0.1_C-EMA099_2-top-only-COS01,1,2,2,0.6843950664783907,0.22442994689727236,0.33801611127754105,0.8069416903848196,0.2957315379330208,0.8041061435138938,0.48434108358155614
1741837486,COS-mixup-aft-manifold-4-F0.1_C-EMA09_2-top-only-COS01,1,2,0,0.6447029004379509,0.12989376688962567,0.21622320827037048,0.8424622487494485,0.154305739332592,0.7191394599622855,0.4774084535366832
1741840279,COS-mixup-aft-manifold-4-F0.1_C-EMA09_2-top-only-COS01,1,2,1,0.04591082180604545,0.0,0.0,0.06253210919272041,0.0,0.04673709069168966,0.0
1741844883,COS-mixup-aft-manifold-4-F0.1_C-EMA09_2-top-only-COS01,1,2,0,0.6819235213891464,0.21582855813135557,0.3278824382247838,0.8226992931348696,0.32365512573422606,0.7834095680824292,0.36798104133681164
1741848081,COS-mixup-aft-manifold-4-F0.1_C-EMA09_2-top-only-COS01,1,2,1,0.6789688211372341,0.28980855481073725,0.40622536756246347,0.7856008888934696,0.45769410482365397,0.8228302690573989,0.4224693978896963
1741851257,COS-mixup-aft-manifold-4-F0.1_C-EMA09_2-top-only-COS01,1,2,2,0.6723932017277513,0.25309983014262116,0.3677663673002854,0.7973388574594298,0.35973547308268705,0.7973107351399167,0.4983826225510226
1741854754,COS-mixup-aft-manifold-4-F0.1_C-EMA09_2-ran-only-COS01,1,2,0,0.6745637402913772,0.22448986464451592,0.3368713988147738,0.7877709893130446,0.30616351912483486,0.819598184070479,0.43838717522472265
1741857856,COS-mixup-aft-manifold-4-F0.1_C-EMA09_2-ran-only-COS01,1,2,1,0.6835022673243597,0.30318175975376216,0.42004413675722435,0.7812822173702414,0.42678772990611413,0.8369988723446555,0.4816778596168927
1741860966,COS-mixup-aft-manifold-4-F0.1_C-EMA09_2-ran-only-COS01,1,2,2,0.673089226959581,0.2708674044006758,0.38628455117450894,0.7683323221403144,0.37068863765483967,0.8365199196367709,0.4869087191760433
1741865783,COS-mixup-aft-manifold-4-F0.1_C-EMA099_2-ran-only-COS01,1,2,0,0.6831011060989265,0.2442445108440896,0.3598306660815137,0.7918217190760023,0.33373950665832,0.8252056684718088,0.4601302028889718
1741868938,COS-mixup-aft-manifold-4-F0.1_C-EMA099_2-ran-only-COS01,1,2,1,0.6893806972377597,0.32444834630890135,0.44123499641243863,0.7810640601253152,0.45766376179180523,0.8431959847279961,0.49278837316659674
1741872050,COS-mixup-aft-manifold-4-F0.1_C-EMA099_2-ran-only-COS01,1,2,2,0.6702041290399227,0.261182991787172,0.3758821989621626,0.7627352064200698,0.3612703744380618,0.8400949223749613,0.43764379290296995
1741891418,COS-mixup-aft-manifold-4-F0.1_C_B-EMA099_2-ran-only-COS01,1,2,0,0.677040959948374,0.22839875095586656,0.34156953298135995,0.7925720070628648,0.30638815791186025,0.81566557787164,0.47595506575726815
1741894641,COS-mixup-aft-manifold-4-F0.1_C_B-EMA099_2-ran-only-COS01,1,2,1,0.6905279480050167,0.31582525402707284,0.4334187324114534,0.787618355622449,0.4492440010851954,0.8359199849338411,0.4853967266697422
1741897837,COS-mixup-aft-manifold-4-F0.1_C_B-EMA099_2-ran-only-COS01,1,2,2,0.6680906811897357,0.2722460945158881,0.38685093135888304,0.7616976113382421,0.3742494267124816,0.8371530184759605,0.4986367634114058
1741917967,COS-mixup-aft-manifold-4-F0.1_C_N-EMA099_2-ran-only-COS01,1,2,0,0.677397385602093,0.2291299189802249,0.34243206419896555,0.7889236087885418,0.30520465604294206,0.8203946420960005,0.47950555557152647
1741921168,COS-mixup-aft-manifold-4-F0.1_C_N-EMA099_2-ran-only-COS01,1,2,1,0.6847223332325558,0.3099960283968247,0.4267764867816631,0.7804305443523183,0.4273589294080966,0.8343373622602315,0.49455372563805466
1741924389,COS-mixup-aft-manifold-4-F0.1_C_N-EMA099_2-ran-only-COS01,1,2,2,0.6667172369812873,0.2664570530824889,0.38074668815231055,0.7573034381194587,0.3637847269904083,0.8383163014933996,0.5214609786033526
1741947626,COS-mixup-aft-manifold-4-EMA099_2-ran-only-COS01,1,2,0,0.6747102601569188,0.22553488376021535,0.3380650284525664,0.7899481729230899,0.3023552674723338,0.8130021826560776,0.48814077779592235
1741950755,COS-mixup-aft-manifold-4-EMA099_2-ran-only-COS01,1,2,1,0.68419012017032,0.303644533525926,0.4206181451618649,0.7835391005279094,0.4225868997796808,0.832857913529895,0.4953873224490324
1741953874,COS-mixup-aft-manifold-4-EMA099_2-ran-only-COS01,1,2,2,0.6671071889880437,0.261953624003375,0.37618882060357983,0.7566906898279241,0.35104620808430415,0.8397307256453145,0.4970470844084228
1741967314,COS-mixup-aft-manifold-4-F0.1_C-EMA099_2_B-ran-only-COS01,1,2,0,0.6441213375926531,0.18140178249885125,0.2830805241939197,0.7500670135681025,0.23142113401710077,0.8143494475465969,0.5013670839211517
1741970582,COS-mixup-aft-manifold-4-F0.1_C-EMA099_2_B-ran-only-COS01,1,2,1,0.6538304388730014,0.2757455027018963,0.38789903005318016,0.7393162895462853,0.3733186551368575,0.838152316575853,0.5012923873074993
1741973817,COS-mixup-aft-manifold-4-F0.1_C-EMA099_2_B-ran-only-COS01,1,2,2,0.6293747414918595,0.24740882265445382,0.35519111025436056,0.7078499672484759,0.31709264635074436,0.8478658969347443,0.47943342893920515
1741977403,COS-mixup-aft-manifold-4-F0.1_C-EMA099_2_N-ran-only-COS01,1,2,0,0.6432549250862907,0.11148486225617645,0.1900342023079591,0.7790102598065339,0.12463813641863648,0.7783886479925385,0.625423762707387
1741980654,COS-mixup-aft-manifold-4-F0.1_C-EMA099_2_N-ran-only-COS01,1,2,1,0.6559405227512102,0.21487101467263173,0.3237040384315656,0.7764683930747907,0.24177074054921482,0.7930162283358709,0.5710116410380184
1741983879,COS-mixup-aft-manifold-4-F0.1_C-EMA099_2_N-ran-only-COS01,1,2,2,0.6326466756865992,0.1540925185947307,0.24782321853478628,0.7414739055106783,0.16604280122936946,0.8101664084432327,0.5515774264810598
1742034655,COS-mixup-aft-manifold-4-F0.1_C-EMA099_2_all-ran-only-COS01,1,2,0,0.6817050593873273,0.22995416048817935,0.34390243901304285,0.7960430902401449,0.29955284300419516,0.8172532145425953,0.4805047018413434
1742037499,COS-mixup-aft-manifold-4-F0.1_C-EMA099_2_all-ran-only-COS01,1,2,1,0.6907901473013387,0.3012171989474043,0.419508734521809,0.7917846468400017,0.40561703202640953,0.8324165010961565,0.5056362236341663
1742040279,COS-mixup-aft-manifold-4-F0.1_C-EMA099_2_all-ran-only-COS01,1,2,2,0.6748894061952911,0.25905737887295666,0.3744005191587062,0.7735929971893793,0.33809720224250495,0.8341754325209545,0.5022857213273266
1742399176,COS-mixup-aft-manifold-4-F0.1_C-EMA099_2_NHalf-ran-only-COS01,1,2,0,0.6799304789493946,0.22681431489274567,0.34015737791917655,0.7948078137252366,0.3005052674050075,0.8196634730537519,0.49769393096851333
1742402097,COS-mixup-aft-manifold-4-F0.1_C-EMA099_2_NHalf-ran-only-COS01,1,2,1,0.6838347220826507,0.30312830936736423,0.42005557773946584,0.7870676847077736,0.42284083002045225,0.8288441277181536,0.49083344359700265
1742404950,COS-mixup-aft-manifold-4-F0.1_C-EMA099_2_NHalf-ran-only-COS01,1,2,2,0.676319018373848,0.2644942310929913,0.3802720228264868,0.7729005752630577,0.35411893782133774,0.8374260553007637,0.497858262069159
1742668233,COS-mixup-aft-manifold-4-SpF0.1_C-EMA099_2-ran-only-COS01,1,2,0,0.6747482075750163,0.23037764538336117,0.34348130214091666,0.7963237068667516,0.304322869641702,0.8080440728639082,0.5258996561305654
1742671075,COS-mixup-aft-manifold-4-SpF0.1_C-EMA099_2-ran-only-COS01,1,2,1,0.6873380673556545,0.3082248438848672,0.42559775201517164,0.7919980739101171,0.40624960175399993,0.828589827454533,0.5253722165880766
1742673839,COS-mixup-aft-manifold-4-SpF0.1_C-EMA099_2-ran-only-COS01,1,2,2,0.6725151519843202,0.24717999987546535,0.3614943383089099,0.7712004253574662,0.32427437720060387,0.8307429367663036,0.5026842050634244
1742724210,COS-mixup-aft-manifold-4-SpF0.1_C-EMA099_2-ran-only-COS01,1,2,0,0.675573595060774,0.21539173417640606,0.32664114624642787,0.7958657136562596,0.2814355242757184,0.8096950202665253,0.5052566847731389
1742727048,COS-mixup-aft-manifold-4-SpF0.1_C-EMA099_2-ran-only-COS01,1,2,1,0.6854635498451034,0.3017322131668516,0.4190180746095136,0.7883197890218658,0.40495231969495515,0.8266621488450149,0.5062039047605899
1742729840,COS-mixup-aft-manifold-4-SpF0.1_C-EMA099_2-ran-only-COS01,1,2,2,0.6500140983646264,0.25134925542984893,0.362518753297589,0.7380335722468291,0.34179916864864607,0.8386586557348461,0.45289608237875567
1742761447,COS-mixup-aft-manifold-4-SpF0.1_C-EMA099_2-ran-only-COS01,1,2,0,0.6774962880652773,0.22184779788622128,0.3342459508684121,0.7945864892498858,0.286504975175759,0.8143645904037402,0.5025749994003993
1742764288,COS-mixup-aft-manifold-4-SpF0.1_C-EMA099_2-ran-only-COS01,1,2,1,0.6865704712362284,0.2926981607694735,0.41042448946389753,0.7903448168217889,0.39816420967005806,0.8277176882472728,0.4891643527712792
1742767063,COS-mixup-aft-manifold-4-SpF0.1_C-EMA099_2-ran-only-COS01,1,2,2,0.6735510081521366,0.2637024587214884,0.37901605745248157,0.7710625717261022,0.34305152609773826,0.8349575089416756,0.4876651553132234
1742829291,COS-mixup-aft-manifold-4-MeF0.1_C-EMA099_2-ran-only-COS01,1,2,0,0.6639500095179667,0.22224444822921408,0.3330176627197968,0.7848160458547125,0.2757951217103932,0.8070003671267328,0.5245432209954262
1742832126,COS-mixup-aft-manifold-4-MeF0.1_C-EMA099_2-ran-only-COS01,1,2,1,0.6728473965218433,0.2717863994845375,0.3871781256955609,0.7785626816226912,0.3811376124571124,0.8200973004481797,0.4881752413536473
1742834904,COS-mixup-aft-manifold-4-MeF0.1_C-EMA099_2-ran-only-COS01,1,2,2,0.6529548832300087,0.24449093384612158,0.35576866284897446,0.7591867070884716,0.3234929933232649,0.8215679680692044,0.4694608105457011
1742919069,COS-mixup-aft-manifold-4-F0.1_C-EMA099_2-ran-only-COS01,1,2,0,0.6799280737169483,0.23359027841012098,0.3477206290789589,0.7943109699489205,0.30605294582887044,0.8169155520599354,0.5032450146437594
1743007393,COS-mixup-aft-manifold-4-F0.1_C-EMA099_2-ran-only-COS01-gateKd100,1,2,0,0.6489270092122469,0.14294236097026297,0.23427894116624579,0.7697482369857306,0.15381685585151667,0.7962898611663145,0.601921549185598
1743010090,COS-mixup-aft-manifold-4-gateF0.1_C-EMA099_2-ran-only-COS01,1,2,0,0.6804811540539457,0.22586246941436414,0.3391542674651684,0.799106317408573,0.29461027703427844,0.8123606083675268,0.5067125776582511
1743012660,COS-mixup-aft-manifold-4-gateF0.1_C-EMA099_2-ran-only-COS01,1,2,1,0.6869130937110675,0.3017249518051544,0.4192814974788477,0.7897534630241577,0.408987123899458,0.8305473238813018,0.4994229999970833
1743015214,COS-mixup-aft-manifold-4-gateF0.1_C-EMA099_2-ran-only-COS01,1,2,2,0.6693056432666691,0.25103746949469075,0.36512642442677296,0.7680532840209701,0.3362986239378039,0.8318453914125028,0.46988576979950114
1743087574,COS-mixup-aft-manifold-4-gateF0.1_C-EMA099_2-ran-only-COS01,1,2,0,0.6738384542329737,0.22468155395192674,0.33699654905953613,0.7935864833497918,0.2954563618390257,0.8095876555439958,0.5333354005821556
1743184829,COS-mixup-aft-manifold-4-gateF0.1_C-EMA099_2-ran-only-COS01,1,2,1,0.6808067476798982,0.2989904081349663,0.4155037318526653,0.7932640409473453,0.4071262591617161,0.8147210243120893,0.5021078566818471
1743187359,COS-mixup-aft-manifold-4-gateF0.1_C-EMA099_2-ran-only-COS01,1,2,2,0.6773350929216225,0.268375648807106,0.3844309618189881,0.7749714488015516,0.3484903317207155,0.8328675999717112,0.5258163616354719
1743189952,COS-mixup-aft-manifold-4-diffF0.1_C-EMA099_2-ran-only-COS01,1,2,0,0.6821384502252142,0.2311794650257082,0.34532641780755086,0.7993582633145118,0.2995880415888646,0.8145108710175202,0.5157160041708339
1743192509,COS-mixup-aft-manifold-4-diffF0.1_C-EMA099_2-ran-only-COS01,1,2,1,0.6871984966849188,0.30546464918525346,0.4229326908807119,0.7925177247547397,0.4238691574199628,0.8272883856372352,0.49138595076140945
1743195041,COS-mixup-aft-manifold-4-diffF0.1_C-EMA099_2-ran-only-COS01,1,2,2,0.673750843734243,0.2519729349483034,0.36677674578310737,0.7672025168288817,0.3305058918274252,0.838539607987891,0.5020800221249464
1743222821,COS-mixup-aft-manifold-4-diffF0.1_C-EMA099_2-ran-only-COS01,1,2,0,0.6756924576143499,0.22068832558023313,0.3327100265283881,0.7949297394183279,0.28816547758091765,0.8109627255805713,0.5004486370085643
1743225385,COS-mixup-aft-manifold-4-diffF0.1_C-EMA099_2-ran-only-COS01,1,2,1,0.6843418836298804,0.2938320966649809,0.4111366986924268,0.788884188843659,0.4060225070352462,0.8286770928037228,0.4779568408916533
1743227937,COS-mixup-aft-manifold-4-diffF0.1_C-EMA099_2-ran-only-COS01,1,2,2,0.6575077685447056,0.22761414426788437,0.33816373975248537,0.7677219872086919,0.3073183821147239,0.8138029243921018,0.42873539191054943
1743230703,COS-mixup-aft-manifold-4-F0.1_C-EMA099_2-ran-only-clsCOS01,1,2,0,0.6412584057681626,0.12556266028139307,0.21000495401322747,0.7726172483824596,0.1466490661849019,0.7837969051781069,0.6493061520965846
1743233316,COS-mixup-aft-manifold-4-F0.1_C-EMA099_2-ran-only-clsCOS01,1,2,1,0.6531195902533931,0.23441267187606857,0.3450004348880082,0.7768177686314605,0.2716448050945271,0.7872988482184816,0.5927917911684165
1743235891,COS-mixup-aft-manifold-4-F0.1_C-EMA099_2-ran-only-clsCOS01,1,2,2,0.636353995638463,0.1842570910059508,0.28576931994867016,0.7434616642910725,0.20393296168534586,0.8100559143968382,0.5106487992759623
1743340093,COS-mixup-aft-manifold-4-F0.1_C-EMA099_2-ran-only-COS01,1,2,0,0.685274308539686,0.23254610948570242,0.3472528421720092,0.8024695056497672,0.3070438612618265,0.8165586173867829,0.49320532983446963
1743342657,COS-mixup-aft-manifold-4-F0.1_C-EMA099_2-ran-only-COS01,1,2,1,0.6911245249078676,0.3033094845136931,0.421595845271845,0.7944251299523787,0.4144599791646926,0.8302273894830784,0.4988284737817302
1743345190,COS-mixup-aft-manifold-4-F0.1_C-EMA099_2-ran-only-COS01,1,2,2,0.6796568242703748,0.26164192839634437,0.37783269476571457,0.7754772703154523,0.3427756938922241,0.8378214229501058,0.4783354394339231
1743354278,COS-mixup-aft-manifold-4-spF0.1_C-EMA099_2-ran-only-COS01,1,2,0,0.6830794361049071,0.23606895761138555,0.35087664091992443,0.797967687303031,0.3047469953953142,0.8164524317100907,0.5124295922874696
1743356847,COS-mixup-aft-manifold-4-spF0.1_C-EMA099_2-ran-only-COS01,1,2,1,0.6896076530363273,0.3086487149182547,0.4264365803016646,0.7896336669362917,0.420319321438203,0.8321621107883497,0.5092850283944014
1743359393,COS-mixup-aft-manifold-4-spF0.1_C-EMA099_2-ran-only-COS01,1,2,2,0.6818608764613006,0.2654055331495283,0.38208818050534477,0.7854944533941137,0.3521101966619574,0.8285420578262538,0.5203240707672137
1743362488,COS-mixup-aft-manifold-4-spF0.1_C-EMA099_2-ran-only-COS01,1,2,0,0.6845228169291107,0.23802350309031123,0.3532234973898863,0.7981669966396701,0.3106265111663755,0.8177725820192251,0.5078225686548388
1743365049,COS-mixup-aft-manifold-4-spF0.1_C-EMA099_2-ran-only-COS01,1,2,1,0.6894447143510014,0.3038027982941233,0.4217583851403262,0.7937371888913025,0.41342602546391916,0.8295464105268104,0.4997381355054305
1743367599,COS-mixup-aft-manifold-4-spF0.1_C-EMA099_2-ran-only-COS01,1,2,2,0.6753269808453495,0.2563428104081912,0.371623546968187,0.7736598416014997,0.34353935600132796,0.8333840293119846,0.4697903242516278
1743402753,COS-mixup-aft-manifold-4-chF0.1_C-EMA099_2-ran-only-COS01,1,2,0,0.6776291232782092,0.2289140176766437,0.34222045944979845,0.7960843337979546,0.3013757935385066,0.8128640033289902,0.4904490212447484
1743404054,COS-mixup-aft-manifold-4-chF0.1_C-EMA099_2-ran-only-COS01,1,2,1,0.6896344626303846,0.2826284372517752,0.400941577574989,0.7949910991538673,0.3912083586847476,0.8292146273851344,0.4826568057060025
1743405325,COS-mixup-aft-manifold-4-chF0.1_C-EMA099_2-ran-only-COS01,1,2,2,0.22172329065804017,0.06509125740277752,0.1006381850710938,0.3455503600265273,0.10319211987758241,0.48512111533494384,0.160230258020332
1743415190,COS-mixup-aft-manifold-4-F0.1_C-EMA099_2-ran-only-COS01,1,2,0,0.6817412061391559,0.23256435584548618,0.34681776213834475,0.7976301743790847,0.30480874632072974,0.8147034246437722,0.511270080178655
1743417703,COS-mixup-aft-manifold-4-F0.1_C-EMA099_2-ran-only-COS01,1,2,1,0.6861532018039239,0.2969454573783634,0.414505857450295,0.7858600013988498,0.407828147752115,0.8315374885048544,0.4962142993699715
1743420211,COS-mixup-aft-manifold-4-F0.1_C-EMA099_2-ran-only-COS01,1,2,2,0.6739886708352476,0.2647880580217559,0.3802057417772096,0.7715909923924213,0.3502074852351774,0.8356989978226889,0.470056121409445
1743440895,COS-mixup-aft-manifold-4-F0.1_C-EMA099_2-ran-only-COS01,1,2,0,0.045823763318584114,0.0,0.0,0.062499999999999646,0.0,0.045823763318584114,0.0
1743443412,COS-mixup-aft-manifold-4-F0.1_C-EMA099_2-ran-only-COS01,1,2,1,0.045823763318584114,0.0,0.0,0.062499999999999646,0.0,0.045823763318584114,0.0
1743445908,COS-mixup-aft-manifold-4-F0.1_C-EMA099_2-ran-only-COS01,1,2,2,0.045823763318584114,0.0,0.0,0.062499999999999646,0.0,0.045823763318584114,0.0
1743668783,COS-mixup-aft-manifold-4-F0.1_C-EMA099_2-ran-only-COS01,1,2,0,0.6791698728167087,0.23512709420444006,0.34932028526109726,0.7966302226199162,0.3059110742882666,0.8142925395059114,0.5186595920082796
1743671286,COS-mixup-aft-manifold-4-F0.1_C-EMA099_2-ran-only-COS01,1,2,1,0.6898547138845466,0.3053072835017438,0.4232831825574796,0.7940774519593827,0.4127943342991827,0.8289104259480221,0.5072666636396189
1743777348,COS-mixup-aft-manifold-4-F0.1_C-EMA099_2-ran-only-COS01,1,2,0,0.6909706417645151,0.24215185275659273,0.35862348638280384,0.8049545007410039,0.3064873888286849,0.8217184533727641,0.5143718440500004
1743779886,COS-mixup-aft-manifold-4-F0.1_C-EMA099_2-ran-only-COS01,1,2,1,0.6994085071143509,0.3052224227623248,0.424982255062022,0.8078539985923495,0.41098222356365666,0.8295205281746296,0.49548160239535594
1743782429,COS-mixup-aft-manifold-4-F0.1_C-EMA099_2-ran-only-COS01,1,2,2,0.6830172283381982,0.27317196253295484,0.3902599161134145,0.7850026410089317,0.35758480566538936,0.8317300899416779,0.5023071356847103
1744557176,COS-mixup-aft-manifold-4-chF0.1_C-EMA099_2-ran-only,1,2,0,0.6891323972646606,0.23874869058564205,0.35463479025800804,0.8045271144554245,0.3034678152995651,0.8198910573440393,0.5197478700613202
1744559722,COS-mixup-aft-manifold-4-chF0.1_C-EMA099_2-ran-only,1,2,1,0.6945601514410633,0.2875140820129218,0.4066817304471922,0.807284689452294,0.3894234191934401,0.8247523990362826,0.4822470692963618
1744562250,COS-mixup-aft-manifold-4-chF0.1_C-EMA099_2-ran-only,1,2,2,0.6835909992169033,0.2750633586519425,0.3922807728258686,0.7872783441667812,0.362388941707894,0.8301864737862839,0.5002436492528457
1744628942,COS-mixup-aft-manifold-4-chF0.1_C-EMA099_2-ran-only,1,2,0,0.6885395600456179,0.23023871566360993,0.3450853555850959,0.8115715024175459,0.29454484400642006,0.8121398056203122,0.4935925192635193
1744630788,COS-mixup-aft-manifold-4-chF0.1_C-EMA099_2-ran-only,1,2,1,0.6994898891551813,0.31633629698498356,0.4356533515926808,0.8047444526407713,0.4380290936578942,0.8313090703561622,0.4925147168042018
1744632619,COS-mixup-aft-manifold-4-chF0.1_C-EMA099_2-ran-only,1,2,2,0.6821453998212539,0.2748191307808391,0.3917942616474545,0.7853439119143774,0.3638635559652114,0.8297309812629283,0.5008272849397073
1744657350,COS-mixup-aft-manifold-4-chF0.1_C-EMA099_2-ran-only,1,2,0,0.6872165597373258,0.23114261739043768,0.3459322632971061,0.8092438717515356,0.29537054854276273,0.813271939609496,0.4789343142365846
1744659856,COS-mixup-aft-manifold-4-chF0.1_C-EMA099_2-ran-only,1,2,1,0.6986078525394513,0.31460494596481386,0.4338387474442143,0.8031264308955895,0.4305536589936188,0.8317204367293937,0.4963806246899967
1744662370,COS-mixup-aft-manifold-4-chF0.1_C-EMA099_2-ran-only,1,2,2,0.68322309379751,0.2788465103793061,0.3960511270470923,0.7867359162278359,0.3669803381906345,0.8300148256962823,0.502283545460194
1744704797,COS-mixup-aft-manifold-4-F0.1_C-EMA099_2-ran-only,1,2,0,0.6889808669687405,0.2373641025317763,0.3530851476157534,0.8066293566204793,0.3059194728749128,0.8185289860433662,0.46973701426451386
1744707356,COS-mixup-aft-manifold-4-F0.1_C-EMA099_2-ran-only,1,2,1,0.7010255407110714,0.3125410455909468,0.43233322495205234,0.8065897458627564,0.43119564893227125,0.8318911832850413,0.4880532364042075
1744709908,COS-mixup-aft-manifold-4-F0.1_C-EMA099_2-ran-only,1,2,2,0.6841118677596645,0.27020238080534775,0.387395778033931,0.7862567194748077,0.3546161326234291,0.831887304097829,0.4832803528602441
1744724499,COS-mixup-aft-manifold-4-spF0.1_C-EMA099_2-ran-only,1,2,0,0.6881950265673861,0.23416016422227265,0.34942690635265233,0.8078951147242519,0.3000798329850845,0.8157138162927535,0.47476168896523685
1744727029,COS-mixup-aft-manifold-4-spF0.1_C-EMA099_2-ran-only,1,2,1,0.6988036327345613,0.3147213847684517,0.4339872093483709,0.8018852364266433,0.43176670083980245,0.833265712072471,0.49525526842568485
1744729572,COS-mixup-aft-manifold-4-spF0.1_C-EMA099_2-ran-only,1,2,2,0.684374802979118,0.27999522839559876,0.3974028081216355,0.7887050728034299,0.3675705949441851,0.8299710258217744,0.5032830746022611
1744736817,COS-mixup-aft-manifold-4-spF0.1_C-EMA099_2-ran-only,1,2,0,0.6869219070270639,0.23211597745024504,0.3469836283675202,0.8076491240783131,0.2959258335180051,0.8145630818891652,0.48338831530564086
1744739364,COS-mixup-aft-manifold-4-spF0.1_C-EMA099_2-ran-only,1,2,1,0.6977749053068488,0.3131535665169504,0.4322970542686478,0.8020981151324329,0.4302947297581562,0.8315742825847341,0.4924966753817507
1744741903,COS-mixup-aft-manifold-4-spF0.1_C-EMA099_2-ran-only,1,2,2,0.6818824733381611,0.28318756032896086,0.40017952546295105,0.7841984506341785,0.37249379312704783,0.8307539682848717,0.5161115556333262
1744783762,COS-mixup-aft-manifold-4-chF0.1_C-EMA099_2-ran-only,1,2,0,0.6841994748890711,0.23015844385086073,0.34444779926236874,0.8079537603582853,0.29346937961478375,0.8103065413803511,0.4895352292603551
1744788014,COS-mixup-aft-manifold-4-chF0.1_C-EMA099_2-ran-only,1,2,0,0.6840052405854437,0.22925032908903953,0.34340535488599916,0.8057366227392695,0.2909668783760956,0.8129391717280177,0.48596621395291767
1744790521,COS-mixup-aft-manifold-4-chF0.1_C-EMA099_2-ran-only,1,2,1,0.6969978748712022,0.31338390018507434,0.4323670870561372,0.8009937670207482,0.4300003364641052,0.8317415307895623,0.4960324459647638
1744793038,COS-mixup-aft-manifold-4-chF0.1_C-EMA099_2-ran-only,1,2,2,0.6825675400771627,0.2851271624591123,0.40223129335897617,0.784658059856425,0.37044602693564793,0.8306972315874939,0.5288103000337159
